<NomaiObject xmlns:xsi="http://www.w3.org/2001/XMLSchema-instance" xsi:noNamespaceSchemaLocation="https://raw.githubusercontent.com/Outer-Wilds-New-Horizons/new-horizons/main/NewHorizons/Schemas/text_schema.xsd">
  <TextBlock>
    <ID>1</ID>
    <Text>Greetings to any who receive this message.</Text>
  </TextBlock>
  <TextBlock>
    <ID>2</ID>
    <ParentID>1</ParentID>
    <Text>This is an open invitation to come and celebrate this stars billionth cycle!</Text>
  </TextBlock>
  <TextBlock>
    <ID>3</ID>
    <ParentID>2</ParentID>
    <Text>Festivities will be occuring on the beautiful green plains beneath the stars light. Come and join us!</Text>
  </TextBlock>
</NomaiObject>