{
  "$schema": "https://raw.githubusercontent.com/Outer-Wilds-New-Horizons/new-horizons/main/NewHorizons/Schemas/body_schema.json",
  "name": "NeutronStar",
  "starSystem": "Jam5",
  "removeChildren": [ "Sector/Star/Audio_Star/SurfaceAudio_Sun" ],
  "Base": {
    "gravityFallOff": "inverseSquared",
    "surfaceSize": 150,
    "surfaceGravity": 10,
    "centerOfSolarSystem": true
  },
  "Orbit": {
    "staticPosition": {
      "x": 1000,
      "y": 2000,
      "z": 5000
    }
  },
  "Star": {
    "stellarDeathType": "none",
    "size": 100,
    "solarLuminosity": 1,
    "lightTint": {
      "r": 255,
      "g": 255,
      "b": 255
    },
    "tint": {
      "r": 215,
      "g": 215,
      "b": 255
    },
    "lightRadius": 2500
  },
  "ShipLog": {
    "mapMode": {
      "remove": true
    }
  }
}