{
    "$schema": "https://raw.githubusercontent.com/Outer-Wilds-New-Horizons/new-horizons/main/NewHorizons/Schemas/body_schema.json",
    "name": "Boreas_Mod_Platform",
    "starSystem": "Jam5",
    "extras": {
        "isPlatform": true
    },

    "Props": {
        "details": [
            {
                "rename": "Table",
                "path": "BrittleHollow_Body/Sector_BH/Sector_NorthHemisphere/Sector_NorthPole/Sector_HangingCity/Sector_HangingCity_BlackHoleForge/BlackHoleForgePivot/Props_BlackHoleForge/Props_NOM_Table",
                "position": {
                    "x": 0,
                    "y": 0,
                    "z": 60
                },
                "rotation": {
                    "x": 0,
                    "y": 90,
                    "z": 0
                }
            },
            {
                "rename": "InvitationRecorder",
                "path": "BrittleHollow_Body/Sector_BH/Sector_EscapePodCrashSite/Sector_CrashFragment/Interactables_CrashFragment/Prefab_NOM_Recorder/Props_NOM_Recorder",
                "position": {
                    "x": 0,
                    "y": 1,
                    "z": 60
                },
                "rotation": {
                    "x": 0,
                    "y": 180,
                    "z": 0
                }
            }
        ],
        "translatorText": [
            {
                "type": "preCrashRecorder",
                "rename": "invitation",
                "parentPath": "Boreas_Mod_Platform/InvitationRecorder",
                "position": {
                    "x": 0,
                    "y": 1,
                    "z": 60
                },
                "rotation": {
                    "x": 0,
                    "y": 180,
                    "z": 0
                },
                "xmlFile": "planets/text/Invitation.xml",
                "isRelativeToParent": true
            }
        ]
    }
}